#CHAPTER	TEXT	AUDIO	ANSWER-PIC	BLACKLIST-PIC	XXX	NOTES
40	ᎠᏲ!	ayo		hla; uyoi		
	ᎣᏍᏓ.	osda		vv; howa		
	ᎣᏍᏛ.	osdv	osda	vv; howa		
	ᎤᏲᎢ.	uyoi		hla; ayo		
	ᎥᎥ.	vv		osda; howa		
	ᎥᏍᎩᎩ?	vsgigi				
	Ꮭ.	hla		uyoi; ayo		
	ᎰᏩ.	howa		vv; osda		
	Ꮒ!	ni				
	ᏣᎳᎩ.	jalagi				
	ᏩᏙ.	wado				
	ᏲᏁᎦ.	yonega				
	ᎣᏏᏲ.	osiyo				
	ᏴᏭᏁᎦ.	yvwunega	yonega			
						
50	ᎦᏙ ᎤᏍᏗ?	gado-usdi				
	ᎯᎳ ᎢᎦ?	hila-iga				
	ᎯᎳ ᎢᏯᏂ?	hila-iyani				
	ᏌᏊ.	sagwu				
	ᏔᎵ.	tali				
	ᎠᏂᏔᎵ.	anitali				
	ᏦᎢ.	joi				
	ᎠᏂᏦᎢ.	anijoi				
	ᏅᎩ.	nvgi				
	ᎯᏍᎩ.	hisgi				
	ᏑᏓᎵ.	sudali				
	ᎦᎵᏉᎩ.	galgwogi				
	ᎢᎬᏱᎢ.	igvyii				
	ᎠᏂᏔᎵᏁᎢ.	anitalinei				
	ᏔᎵᏁᎢ.	talinei				
	ᎠᏂᏦᎢᏁᎢ.	anijoinei				
	ᏦᎢᏁᎢ.	joinei				
	ᏅᎩᏁᎢ.	nvginei				
	ᎯᏍᎩᏁᎢ.	hisginei				
	ᏑᏓᎵᏁᎢ.	sudalinei				
	ᎦᎵᏉᎩᏁᎢ.	galgwoginei				
						
60	ᎿᏛᎦ.	hnadvga				
	ᏂᏔᏛᎦ.	nitadvga				
	ᏘᎪᎵᏯ.	tigoliya				
	ᎰᏪᎸᎦ.	hohwelvga				
	ᏙᏪᎸᎦ.	tohwelvga				
						
	ᎠᎨᏯ.	agehya		agehya		
	ᎠᏂᎨᏯ.	anigehya		anigehya		
	ᎠᏂᏍᎦᏯ.	anisgaya		anisgaya		
	ᎠᏂᏔᎵ ᎠᏂᎨᏯ.	anitali-anigehya		anigehya		
	ᎠᏂᏔᎵ ᎠᏂᎨᏯ ᎠᎴ ᏔᎵ ᏄᎾ.	anitali-anigehya-ale-tali-nuna		anigehya		
	ᎠᏂᏔᎵ ᎠᏂᎨᏯ ᏃᎴ ᏦᎢ ᏄᎾ.	anitali-anigehya-nole-joi-nuna		anigehya		
	ᎠᏂᏔᎵ ᎠᏂᏍᎦᏯ.	anitali-anisgaya		anisgaya		
	ᎠᏂᏔᎵ ᎩᏟ.	anitali-gihli		gihli		
	ᎠᏂᏔᎵ ᏪᏌ.	anitali-wesa		wesa		
	ᎠᏂᏦᎢ ᎠᏂᎨᏯ.	anijoi-anigehya		anigehya		
	ᎠᏂᏦᎢ ᎠᏂᏍᎦᏯ.	anijoi-anisgaya		anisgaya		
	ᎠᏂᏦᎢ ᎠᏂᏍᎦᏯ ᏃᎴ ᏔᎵ ᏄᎾ.	anijoi-anisgaya-nole-tali-nuna		anisgaya		
	ᎠᏍᎦᏯ.	asgaya		asgaya		
	ᎦᏙ ᎤᎾᏍᏗ ᏓᎪᏩᏘᎭ?	gado-unsdi-dagowhtiha		dagowhtiha		
	ᎦᏙ ᎤᎾᏍᏗ ᏓᏂᎪᏩᏘᎭ?	gado-unsdi-danigowhtiha		danigowhtiha		
	ᎦᏙ ᎤᎾᏍᏗ?	gado-unsdi				
	ᎦᏙ ᎤᏍᏗ ᎠᎪᏩᏘᎭ?	gado-usdi-agowhtiha		agowhtiha		
	ᎦᏙ ᎤᏍᏗ ᎠᏂᎪᏩᏘᎭ?	gado-usdi-anigowhtiha		anigowhtiha		
	ᎩᏟ.	gihli		gihli		
	ᏄᎾ.	nuna		nuna		
	ᏄᎾ ᎠᎴ ᏅᏯ.	nuna-ale-nvya		nuna		
	ᏄᎾ ᏃᎴ ᏅᏯ.	nuna-nole-nvya	nuna-ale-nvya	nuna		
	ᏅᏯ.	nvya		nvya		
	ᏌᏊ ᎠᎨᏯ.	sagwu-agehya		agehya		
	ᏌᏊ ᎠᎨᏯ ᎠᎴ ᏌᏊ ᏅᏯ.	sagwu-agehya-ale-sagwu-nvya		agehya		
	ᏌᏊ ᎠᎨᏯ ᎠᎴ ᏌᏊ ᏪᏌ.	sagwu-agehya-ale-sagwu-wesa		agehya		
	ᏌᏊ ᎠᎨᏯ ᏃᎴ ᏌᏊ ᏄᎾ.	sagwu-agehya-nole-sagwu-nuna		agehya		
	ᏌᏊ ᎠᏍᎦᏯ.	sagwu-asgaya		asgaya		
	ᏌᏊ ᎠᏍᎦᏯ ᏃᎴ ᏌᏊ ᎩᏟ.	sagwu-asgaya-nole-sagwu-gihli		asgaya		
	ᏌᏊ ᎠᏍᎦᏯ ᏃᎴ ᏌᏊ ᏄᎾ.	sagwu-asgaya-nole-sagwu-nuna		asgaya		
	ᏌᏊ ᎩᏟ.	sagwu-gihli		gihli		
	ᏌᏊ ᏄᎾ.	sagwu-nuna		nuna		
	ᏌᏊ ᏅᏯ.	sagwu-nvya		nvya		
	ᏌᏊ ᏪᏌ.	sagwu-wesa		wesa		
	ᏔᎵ ᏄᎾ.	tali-nuna		nuna		
	ᏦᎢ ᏄᎾ.	joi-nuna		nuna		
	ᏦᎢ ᏅᏯ.	joi-nvya		nvya		
	ᏪᏌ.	wesa		wesa		
	ᏪᏌ ᎠᎴ ᎩᏟ.	wesa-ale-gihli		wesa		
	ᏪᏌ ᎠᎴ ᏅᏯ.	wesa-ale-nvya		wesa		
	ᏪᏌ ᏃᎴ ᎩᏟ.	wesa-nole-gihli	wesa-ale-gihli	wesa		
	ᏪᏌ ᏃᎴ ᏅᏯ.	wesa-nole-nvya	wesa-ale-nvya	wesa		
						
61	ᎠᎪᏩᏘᎭ.	agowhtiha		agowhtiha		
	ᎠᏂᎪᏩᏘᎭ.	anigowhtiha		anigowhtiha		
	ᎩᏟ ᎠᎪᏩᏘᎭ.	gihli-agowhtiha		agowhtiha		
	ᎩᏟ ᎠᏂᎪᏩᏘᎭ.	gihli-anigowhtiha		anigowhtiha		
	ᎩᏟ ᏓᎪᏩᏘᎭ.	gihli-dagowhtiha		dagowhtiha		
	ᎩᏟ ᏓᏂᎪᏩᏘᎭ.	gihli-danigowhtiha		danigowhtiha		
	ᏄᎾ ᎠᎪᏩᏘᎭ.	nuna-agowhtiha		agowhtiha		
	ᏄᎾ ᎠᏂᎪᏩᏘᎭ.	nuna-anigowhtiha		anigowhtiha		
	ᏄᎾ ᏓᎪᏩᏘᎭ.	nuna-dagowhtiha		dagowhtiha		
	ᏄᎾ ᏓᏂᎪᏩᏘᎭ.	nuna-danigowhtiha		danigowhtiha		
	ᏅᏯ ᎠᎪᏩᏘᎭ.	nvya-agowhtiha		agowhtiha		
	ᏅᏯ ᎠᏂᎪᏩᏘᎭ.	nvya-anigowhtiha		anigowhtiha		
	ᏅᏯ ᏓᎪᏩᏘᎭ.	nvya-dagowhtiha		dagowhtiha		
	ᏅᏯ ᏓᏂᎪᏩᏘᎭ.	nvya-danigowhtiha		danigowhtiha		
	ᏓᎪᏩᏘᎭ.	dagowhtiha		dagowhtiha		
	ᏓᏂᎪᏩᏘᎭ.	danigowhtiha		danigowhtiha		
	ᏪᏌ ᎠᎪᏩᏘᎭ.	wesa-agowhtiha		agowhtiha		
	ᏪᏌ ᎠᏂᎪᏩᏘᎭ.	wesa-anigowhtiha		anigowhtiha		
	ᏪᏌ ᏓᎪᏩᏘᎭ.	wesa-dagowhtiha		dagowhtiha		
	ᏪᏌ ᏓᏂᎪᏩᏘᎭ.	wesa-danigowhtiha		danigowhtiha		
						
62	ᎠᎨᏯ ᎠᎴ ᏪᏌ ᏅᏯ ᎠᏂᏩᏘᎭ.	agehya-ale-wesa				
	ᎠᎨᏯ ᎠᏂᎨᏯ ᎠᎴ ᏄᎾ ᏓᎪᏩᏘᎭ.	agehya-anigehya				
	ᎠᎨᏯ ᏅᏯ ᎠᎪᏩᏘᎭ.	agehya-nvya				
	ᎠᏂᎨᏯ ᎠᎨᏯ ᎠᎴ ᏄᎾ ᏓᏂᎪᏩᏘᎭ.	anigehya-agehya				
	ᎠᏂᎨᏯ ᏄᎾ ᎠᏂᎪᏩᏘᎭ.	anigehya-nuna				
	ᎠᏂᏍᎦᏯ ᎠᎨᏯ ᎠᎴ ᏅᏯ ᏓᏂᎪᏩᏘᎭ.	anisgaya-agehya				
	ᎠᏂᏍᎦᏯ ᎠᏍᎦᏯ ᎠᎴ ᏄᎾ ᏓᏂᎪᏩᏘᎭ.	anisgaya-asgaya				
	ᎠᏂᏍᎦᏯ ᏅᏯ ᎠᏂᎪᏩᏘᎭ.	anisgaya-nvya				
	ᎠᏍᎦᏯ ᎠᎴ ᎩᏟ ᏅᏯ ᎠᏂᏩᏘᎭ.	asgaya-ale-gihli				
	ᎠᏍᎦᏯ ᎠᏂᎨᏯ ᎠᎴ ᏄᎾ ᏓᎪᏩᏘᎭ.	asgaya-anigehya				
	ᎠᏍᎦᏯ ᎠᏂᏍᎦᏯ ᎠᎴ ᏄᎾ ᏓᎪᏩᏘᎭ.	asgaya-anisgaya				
	ᎠᏍᎦᏯ ᎩᏟ ᎠᎪᏩᏘᎭ.	asgaya-gihli				
						
70	ᎠᏂ.	ahni	ahni			
	ᎢᎾ.	ina				
	ᎤᎿ.	uhna				
	ᎾᎥ.	nav				
	ᎠᎭᏂ.	ahani	ahni			
	ᎯᎪᏩᏘᎭ.	hiigowhtiha		higowhtiha		
	ᏥᎪᏩᏘᎭ.	jiigowhtiha		jigowhtiha		
	ᎦᎯᎪᏩᏘᎭ.	gahiigowhtiha				
	ᎦᏥᎪᏩᏘᎭ.	gajiigowhtiha				
	Ꭿ̣ᎪᏩᏘᎭ.	higowhtiha		hiigowhtiha		
	Ꮵ̣ᎪᏩᏘᎭ.	jigowhtiha		jiigowhtiha		
	ᏕᎯ̣ᎪᏩᏘᎭ.	dehigowhtiha				
	ᏕᏥ̣ᎪᏩᏘᎭ.	dejigowhtiha				
						
71	ᎤᏪᏴᎢ	uweyvi				u¹we³yv⁴ɂi
	ᎠᎹᏳᏟᏗ	amayuhldi				ạ²ma²yuhl⁴di
	ᏡᎬᎢ	hlgvi				hlgv⁴ɂi
	ᏕᏡᎬᎢ	dehlgvi				dehl²³gv⁴ɂi
						
72	ᎠᎭᏂ ᎠᎨᏯ ᏥᎪᏩᏘᎭ.	ahani-agehya				
	ᎠᎭᏂ ᎠᏂᎨᏯ ᎦᏥᎪᏩᏘᎭ.	ahani-anigehya				
	ᎠᎭᏂ ᎠᏂᏍᎦᏯ ᎦᏥᎪᏩᏘᎭ.	ahani-anisgaya				
	ᎠᎭᏂ ᎠᏍᎦᏯ ᏥᎪᏩᏘᎭ.	ahani-asgaya				
	ᎠᎭᏂ ᎩᏟ ᏥᎪᏩᏘᎭ.	ahani-gihli				
	ᎠᎭᏂ ᏄᎾ Ꮵ̣ᎪᏩᏘᎭ.	ahani-nuna				
	ᎠᎭᏂ ᏪᏌ ᎦᏥᎪᏩᏘᎭ.	ahani-wesa				
	ᎤᎿ ᎠᎨᏯ ᏥᎪᏩᏘᎭ ᎠᎴ ᏅᏯ Ꮵ̣ᎪᏩᏘᎭ.	uhna-agehya-nvya				
	ᎤᎿ ᎠᎨᏯ ᏥᎪᏩᏘᎭ.	uhna-agehya				
	ᎤᎿ ᎠᏂᎨᏯ ᎦᏥᎪᏩᏘᎭ ᎠᎴ ᏄᎾ ᏕᏥ̣ᎪᏩᏘᎭ.	uhna-anigehya-nuna				
	ᎤᎿ ᎠᏂᎨᏯ ᎦᏥᎪᏩᏘᎭ.	uhna-anigehya				
	ᎤᎿ ᎠᏂᏍᎦᏯ ᎦᏥᎪᏩᏘᎭ ᎠᎴ ᏄᎾ ᏕᏥ̣ᎪᏩᏘᎭ.	uhna-anisgaya-nuna				
	ᎤᎿ ᎠᏂᏍᎦᏯ ᎦᏥᎪᏩᏘᎭ.	uhna-anisgaya				
	ᎤᎿ ᎠᏍᎦᏯ ᏥᎪᏩᏘᎭ ᎠᎴ ᏅᏯ Ꮵ̣ᎪᏩᏘᎭ.	uhna-asgaya-nvya				
	ᎤᎿ ᎠᏍᎦᏯ ᏥᎪᏩᏘᎭ.	uhna-asgaya				
	ᎤᎿ ᎩᏟ ᎦᏥᎪᏩᏘᎭ ᎠᎴ ᏅᏯ ᏕᏥ̣ᎪᏩᏘᎭ.	uhna-gihli-nvya				
	ᎤᎿ ᏅᏯ ᏕᏥ̣ᎪᏩᏘᎭ.	uhna-nvya-dejigowhtiha				
	ᎤᎿ ᏅᏯ Ꮵ̣ᎪᏩᏘᎭ.	uhna-nvya-jigowhtiha				
	ᎤᎿ ᏪᏌ ᎦᏥᎪᏩᏘᎭ.	uhna-wesa-gajigowhtiha				
	ᎤᎿ ᏪᏌ ᏥᎪᏩᏘᎭ.	uhna-wesa-jigowhtiha				
	ᎦᏙ ᎤᎾᏍᏗ ᎦᎯᎪᏩᏘᎭ?	gado-unsdi-gahiigowhtiha				
	ᎦᏙ ᎤᏍᏗ ᎯᎪᏩᏘᎭ?	gado-usdi-hiigowhtiha				
	ᎦᏙ ᎤᏍᏗ Ꭿ̣ᎪᏩᏘᎭ?	gado-usdi-higowhtiha				
	ᎦᏙ ᏧᏍᏗ ᏕᎯ̣ᎪᏩᏘᎭ?	gado-jusdi-dehigowhtiha				
	ᎦᏙ ᎤᎾᏍᏗ ᎦᏥᎪᏩᏘᎭ?	gado-unsdi-gajiigowhtiha				
	ᎦᏙ ᎤᏍᏗ ᏥᎪᏩᏘᎭ?	gado-usdi-jiigowhtiha				
	ᎦᏙ ᎤᏍᏗ Ꮵ̣ᎪᏩᏘᎭ?	gado-usdi-jigowhtiha				
	ᎦᏙ ᏧᏍᏗ ᏕᏥ̣ᎪᏩᏘᎭ?	gado-jusdi-dejigowhtiha				
						
80	ᎥᏍᎩ.	vsgi	vsgi			v¹sgị
	ᎥᏍᎩᎾ.	vsgina	vsgi			v¹sgị²na
	ᎯᎠ.	hia	hia			hị²ɂa
	ᎯᎢ.	hii	hia			hị²ɂi
	Ꮎ.	na	vsgi			na
	ᎾᏍᎩ.	nasgi	vsgi			na¹sgi
	ᏍᎩᎾ.	sgina	vsgi			sgị²na
						
81	ᎠᎨᏯ ᎠᏂ ᏥᎪᏩᏘᎭ.	agehya-ahni				x
	ᎠᎨᏯ ᎤᎿ ᏥᎪᏩᏘᎭ.	agehya-uhna		agehya-uhna; na-agehya		x
	ᎠᏴ.	ayv	ayv1; ayv2; ayv3	ayv		x
						
	ᎯᎠ ᎾᎥ ᎦᏥᎪᏩᏘᎭ.	hia-nav-gajiigowhtiha	hia-nav-gajiigowhtiha			
	ᎯᎢ ᎾᎥ ᎦᏥᎪᏩᏘᎭ.	hii-nav-gajiigowhtiha	hia-nav-gajiigowhtiha			
	ᎯᎠ ᎾᎥ ᏥᎪᏩᏘᎭ.	hia-nav-jiigowhtiha	hia-nav-jiigowhtiha	hia-nav-jigowhtiha		
	ᎯᎢ ᎾᎥ ᏥᎪᏩᏘᎭ.	hii-nav-jiigowhtiha	hia-nav-jiigowhtiha	hia-nav-jigowhtiha		
	ᎯᎠ ᎾᎥ Ꮵ̣ᎪᏩᏘᎭ.	hia-nav-jigowhtiha		hia-nav-jiigowhtiha		
						
	ᏪᏌ ᏡᎬ ᎾᎥ ᎦᏥᎪᏩᏘᎭ.	wesa-hlgv-nav-gajiigowhtiha				
	ᎩᏟ ᏡᎬ ᎾᎥ ᎦᏥᎪᏩᏘᎭ.	gihli-hlgv-nav-gajiigowhtiha				
	ᏪᏌ ᎠᎨᏯ ᎾᎥ ᎦᏥᎪᏩᏘᎭ.	wesa-agehya-nav-gajiigowhtiha				
	ᎩᏟ ᏅᏯ ᎾᎥ ᎦᏥᎪᏩᏘᎭ.	gihli-nvya-nav-gajiigowhtiha				
	ᏄᎾ ᏅᏯ ᎾᎥ ᏕᏥ̣ᎪᏩᏘᎭ.	nuna-nvya-nav-dejigowhtiha				
	ᏄᎾ ᏅᏯ ᎾᎥ Ꮵ̣ᎪᏩᏘᎭ.	nuna-nvya-nav-jigowhtiha				
						
	ᎥᏍᎩ ᎢᎾ ᎯᎪᏩᏘᎭ.	vsgi-ina-hiigowhtiha				x
	ᏍᎩᎾ ᎢᎾ ᎯᎪᏩᏘᎭ.	sgina-ina-hiigowhtiha	vsgi-ina-hiigowhtiha			
						
	ᎥᏍᎩ ᎢᎾ ᎦᎯᎪᏩᏘᎭ.	vsgi-ina-gahiigowhtiha				
	ᏍᎩᎾ ᎢᎾ ᎦᎯᎪᏩᏘᎭ.	sgina-ina-gahiigowhtiha	vsgi-ina-gahiigowhtiha			
						
	ᎥᏍᎩᎾ ᎢᎾ Ꭿ̣ᎪᏩᏘᎭ.	vsgina-ina-higowhtiha				
	ᎾᏍᎩ ᎢᎾ Ꭿ̣ᎪᏩᏘᎭ.	nasgi-ina-higowhtiha	vsgina-ina-higowhtiha			
						
	ᎾᏍᎩ ᎢᎾ ᏕᎯ̣ᎪᏩᏘᎭ.	nasgi-ina-dehigowhtiha				
						
	ᎦᏙ ᎤᎾᏍᏗ ᎠᏂ ᎦᏥᎪᏩᏘᎭ?	gado-unsdi-ahni				
	ᎦᏙ ᎤᎾᏍᏗ ᎤᎿ ᎦᏥᎪᏩᏘᎭ?	gado-unsdi-uhna		gado-unsdi-uhna; gado-usdi-uhna; vsgi-ina-gahiigowhtiha; vsgi-ina-hiigowhtiha; na-gihli; gihli-uhna		
	ᎦᏙ ᎤᏍᏗ ᎠᏂ ᏥᎪᏩᏘᎭ?	gado-usdi-ahni				
	ᎦᏙ ᎤᏍᏗ ᎤᎿ ᏥᎪᏩᏘᎭ?	gado-usdi-uhna		gado-unsdi-uhna; gado-usdi-uhna; vsgi-ina-gahiigowhtiha; vsgi-ina-hiigowhtiha; na-gihli; gihli-uhna		
	ᎦᏙ ᏧᏍᏗ ᎤᎿ ᏕᏥ̣ᎪᏩᏘᎭ?	gado-jusdi-uhna				
						
	ᎩᏟ ᎠᏂ ᏥᎪᏩᏘᎭ.	gihli-ahni				
	ᎩᏟ ᎤᎿ ᎦᏥᎪᏩᏘᎭ.	gihli-uhna		gado-unsdi-uhna; gado-usdi-uhna; vsgi-ina-gahiigowhtiha; vsgi-ina-hiigowhtiha; na-gihli; gihli-uhna		
						
	ᎭᏢ ᎠᎨᏯ?	hadlv-agehya				
	ᎭᏢ ᎩᏟ?	hadlv-gihli				
	ᎭᏢ ᏅᏯ?	hadlv-nvya				
						
	ᎯᎠ ᎠᏍᎦᏯ ᎠᏂ.	hia-asgaya				
	ᎯᎠ ᏄᎾ ᎠᏂ.	hia-nuna				
						
	Ꮎ ᎠᎨᏯ ᎤᎿ.	na-agehya		agehya-uhna; na-agehya		
	Ꮎ ᎩᏟ ᎤᎿ.	na-gihli		gado-unsdi-uhna; gado-usdi-uhna; vsgi-ina-gahiigowhtiha; vsgi-ina-hiigowhtiha; na-gihli; gihli-uhna		
						
	ᏂᎯ.	nihi	nihi1; nihi2; nihi3	nihi		
						
	ᏅᏯ ᎤᎿ ᏕᏥ̣ᎪᏩᏘᎭ.	nvya-uhna				
	ᏪᏌ ᎠᏂ ᏥᎪᏩᏘᎭ.	wesa-ahni				
	ᏪᏌ ᎤᎿ ᏥᎪᏩᏘᎭ.	wesa-uhna				
						
90	ᎠᎭᏫ.	ahawi	ahawi			
	ᎠᏫ.	ahwi	ahawi			
	ᎪᏪᎵ.	gohweli				
	ᏗᎪᏪᎵ.	digohweli				
	ᎫᎴ.	gule				
	ᏙᏯ.	doya				
	ᏚᏯ.	tuya				
	ᏥᏍᏚ.	jisdu				
	ᏩᎭᏯ.	wahaya	wahaya	wahya-usdi; wahya-unsdi		
	ᏩᏯ.	wahya	wahaya	wahya-usdi; wahya-unsdi		
	ᏩᏯ ᎤᏍᏗ.	wahya-usdi		wahaya		
	ᏩᏯ ᎤᎾᏍᏗ.	wahya-unsdi		wahaya		
						
91	ᎠᎨᏯᎾ?	agehyana				
	ᏥᏍᏚᏍ ᎣᏍᏓ?	jisdus-osda				
	ᏙᏯ ᎣᏍᏓ.	doya-osda				
	ᏅᏯᎾ?	nvyana				
	ᎠᎨᏯ ᎤᏲᎢ.	agehya-uyoi				
	ᏩᏯᏍᎪ ᎤᏲᎢ?	wahyasgo-uyoi				
	ᎠᎭᏫᎾ?	ahawina				
	ᏩᏯᏧ ᎤᏲᎢ?	wahyaju-uyoi				
	ᏙᏯᏊᏍ ᎣᏍᏓ?	doyagwus-osda				
	ᎠᎭᏫᏍᎪ ᎤᏲᎢ?	ahawisgo-uyoi				
						
92	ᏣᎳᎩᏧ?	jalagiju				
	ᏗᎪᏪᎵ ᏓᏂᎪᏩᏘᎭ.	digohweli-danigowhtiha				
	ᏲᏁᎦᎾ?	yonegana				
	ᎦᎵᏉᎩᏍ?	galgwogis				
	ᎪᏪᎵᏍᎪ ᎠᏂᎪᏩᏘᎭ?	gohwelisgo-anigowhtiha				
	ᎯᎳ ᎢᏯᏂ ᎠᎭᏫ?	hila-iyani-ahawi				
	ᎫᎴ Ꮵ̣ᎪᏩᏘᎭ.	gule-jigowhtiha				
	ᏚᏯᏍᎪ ᏓᎪᏩᏘᎭ?	tuyasgo-dagowhtiha				
	ᎫᎴᏍ ᏕᎯ̣ᎪᏩᏘᎭ?	gules-dehigowhtiha				
	ᎠᏴᏊ ᎩᏟ ᏥᎪᏩᏘᎭ.	ayvgwu-gihli-jigowhtiha				
						
100	ᎠᏂᏴᏫ.	aniyvwi				
	ᎠᏂᎩᏟ.	anigihli				
	ᎠᏂᏥᏍᏚ.	anijisdu				
	ᎠᏂᏩᎭᏯ.	aniwahaya				
	ᎠᏂᏪᏌ.	aniwesa				
	ᎠᏴᏫ	ayvwi				
	ᎠᎩᏟ	agihli				
	ᎠᏥᏍᏚ	ajisdu				
	ᎠᏩᎭᏯ	awahaya				
	ᎠᏪᏌ	awesa				
						
101	ᎯᏴᏫ	hiyvwi				
	ᎯᎩᏟ	higihli				
	ᎯᏥᏍᏚ	hijisdu				
	ᎯᏩᎭᏯ	hiwahaya				
	ᎯᏪᏌ	hiwesa				
	ᏥᏴᏫ	jiyvwi				
	ᏥᎩᏟ	jigihli				
	ᏥᏥᏍᏚ	jijisdu				
	ᏥᏩᎭᏯ	jiwahaya				
	ᏥᏪᏌ	jiwesa				
						
102	ᏙᎯ.	tohi				
	ᏙᎯᏧ?	tohiju				
	ᏙᎯᏍ?	tohis				
	ᏙᎯᏊ.	tohigwu				
	ᏛᎬᎪᎯ.	dvgvgohi				
	ᏛᏍᎩᎪᎯ.	dvsgigohi				
	ᏛᏍᏛᎪᎯ.	dvsdvgohi				
	ᏛᏍᎩᏂᎪᎯ.	dvsginigohi				
	ᏛᎢᏨᎪᎯ.	dvijvgohi				
	ᏛᎢᏍᎩᎪᎯ.	dvisgigohi				
	ᏙᎾᏓᎪᎲᎢ.	donadagohvi				
	ᏙᏓᏓᎪᎲᎢ.	dodadagohvi				
						
110	ᎠᎨᏳᏣ.	agehyuja				
	ᎠᏂᎨᏳᏣ.	anigehyuja				
	ᎠᏧᏣ.	achuja				
	ᎠᏂᏧᏣ.	anichuja				
	ᎦᏙ ᎠᏛᏁᎭ?	gado-advneha				
	ᎦᏙ ᎠᎾᏛᏁᎭ?	gado-anadvneha				
	ᏌᎶᎵ.	saloli				
	ᏌᏛᏗ.	sadvdi				
	ᏗᏌᏛᏗ.	disadvdi				
	ᏐᏈᎵ.	soquili				
	ᏲᎾ.	yona				
						
111	ᏌᏊ ᏅᏯ.	sagwu-nvya				
	ᏔᎵ ᏅᏯ.	tali-nvya				
	ᏦᎢ ᏅᏯ.	joi-nvya				
	ᏃᏘ ᏅᏯ.	not-nvya		kanigida-nvya		
	ᎧᏂᎩᏓ ᏅᏯ.	kanigida-nvya	not-nvya	not-nvya		
						
112	ᏃᏘ.	not		kanigida		
	ᎧᏂᎩᏓ.	kanigida	not	not		
	ᏌᏊ.	sagwu				
	ᏔᎵ.	tali		tali-wesa; anitali-wesa		
	ᏔᎵ ᏪᏌ.	tali-wesa		anitali-wesa		
	ᎠᏂᏔᎵ ᏪᏌ.	anitali-wesa		tali-wesa		
	ᏦᎢ.	joi		joi-wesa; anijoi-wesa		
	ᏦᎢ ᏪᏌ.	joi-wesa		anijoi-wesa		
	ᎠᏂᏦᎢ ᏪᏌ.	anijoi-wesa		joi-wesa		
	ᏅᎩ.	nvgi				
	ᎯᏍᎩ.	hisgi				
	ᏑᏓᎵ.	sudali				
	ᎦᎵᏉᎩ.	galgwogi				
	ᏣᏁᎳ.	chanela		chunela		
	ᏧᏁᎳ.	chunela	chanela	chanela		
	ᏐᏁᎳ.	sonela				
	ᏍᎪᎯ.	sgohi				
						
113	ᏌᏚ.	sadu				
	ᏔᎵᏚ.	taldu				
	ᏦᎦᏚ.	jogadu				
	ᏂᎦᏚ.	nigadu				
	ᏍᎩᎦᏚ.	sgigadu				
	ᏓᎳᏚ.	daladu				
	ᎦᎵᏆᏚ.	galgwadu				
	ᏁᎳᏚ.	neladu				
	ᏐᏁᎳᏚ.	sonehladu				
						
114	ᏔᎵᏍᎪᎯ.	20				
	ᏔᎵᏍᎪ ᏅᎩ.	24				
	ᏦᏍᎪᎯ.	30				
	ᏦᏍᎪ ᏣᏁᎳ.	38				
	ᏅᎩᏍᎪᎯ.	40				
	ᏅᎩᏍᎪ ᏐᏁᎳ.	49				
	ᎯᏍᎪᎯ.	50				
	ᎯᏍᎪ ᏐᏁᎳ.	59				
	ᏑᏓᎵᏍᎪᎯ.	60				
	ᏑᏓᎵᏍᎪ ᎯᏍᎩ.	65				
	ᎦᎵᏆᏍᎪᎯ.	70				
	ᎦᎵᏆᏍᎪ ᎦᎵᏉᎩ.	77				
	ᏁᎳᏍᎪᎯ.	80				
	ᏁᎳᏍᎪ ᏑᏓᎵ.	86				
	ᏐᏁᎳᏍᎪᎯ.	90				
	ᏐᏁᎳᏍᎪ ᏑᏓᎵ.	96				
						
115	ᏍᎪᎯᏥᏆ.	100				
	ᏔᎵᏥᏆ.	200				
	ᏦᎢᏥᏆ.	300				
	ᏅᎩᏥᏆ.	400				
	ᎯᏍᎩᏥᏆ.	500				
	ᏑᏓᎵᏥᏆ.	600				
	ᎦᎵᏉᎩᏥᏆ.	700				
	ᏁᎳᏥᏆ.	800				
	ᏐᏁᎳᏥᏆ.	900				
						
120	ᎭᏢ?	hadlv				ha²dlv
	ᎯᎳᏴᎢ?	hila-yvi	hila-iyvi			hị²la³²yv⁴ɂi
	ᎯᎳ ᎢᏴᎢ?	hila-iyvi	hila-iyvi			hị²la⁴ i²yv⁴ɂi
	ᎦᎪ?	gago		gagi		ga³go²
	ᎦᎩ?	gagi		gago		ga³²gi³
	ᎦᏙ?	gado				gạ²do¹
	ᎦᏙᎲ?	gadohv				gạ²do¹hv³
						
121	ᏑᏌᏃ ᏓᏆᏙᎠ.	susano-dagwadoa		susano		
	ᏩᏯ ᎤᏍᏗ ᏓᏆᏙᎠ.	wahya-usdi-dagwadoa		wahya-usdi; wahaya		
	ᏣᎵ ᎠᎴ ᎺᎵ ᏙᎩᎾᏙᎠ.	chali-ale-meli-doginadoa		chali; meli		
	ᏩᎭᏯ ᏙᎩᎾᏙᎠ.	wahaya-doginadoa		wahya-usdi; wahaya		
	ᏕᏫᏗ, ᎹᎦᏰᏘ, ᎠᎴ ᎹᎦᎵ ᏙᎦᏙᎠ.	dewidi-magayeti-ale-magali-dogadoa		dewidi; magayeti; magali		
	ᏌᎶᎵ ᏙᎦᏙᎠ	saloli-dogadoa		saloli		
	ᎵᏂᏓ ᏕᏣᏙᎠ.	linida-dejadoa		linida		
	ᏲᎾ ᏕᏣᏙᎠ.	yona-dejadoa		yona		
	ᏣᎵ ᎠᎴ ᎹᎦᎵ ᏕᏍᏓᏙᎠ.	chali-ale-magali-desdadoa		jali; magali		
	ᏐᏈᎵ ᏕᏍᏓᏙᎠ.	sogwili-desdadoa		sogwili		
	ᏣᎵ, ᎹᎦᎵ, ᎠᎴ ᏣᏂ Ꮥ¹ᏣᏙᎠ.	chali-magali-ale-jani-de1jadoa		chali; magali; jani		
	ᏥᏍᏚ Ꮥ¹ᏣᏙᎠ.	jisdu-de1jadoa		jisdu		
	ᎵᏂᏓ ᏚᏙᎠ.	linida-dudoa		linida		
	ᏪᏌ ᏚᏙᎠ.	wesa-dudoa		wesa		
	ᎹᎦᏰᏘ ᎠᎴ ᎹᎦᎵ ᏚᎾᏙᎠ.	magayeti-ale-magali-dunadoa		magayeti; magali		
	ᎩᏟ ᏚᎾᏙᎠ.	gihli-dunadoa		gihli		
						
122	ᎢᎮᏙᎸᎢ.	ihedolvi				ị³he²³do³²lv²ɂi
	ᎢᏍᏕᏙᎸᎢ.	isdedolvi				ị³sde²³do³²lv²ɂi
	ᎢᎢᏤᏙᎸᎢ.	iijedolvi				ị³ɂi¹je²³do³²lv²ɂi
	ᎠᏃᏍᏓ.	anosda				a¹no⁴sda
	ᎤᏂᏲᎢ.	uniyoi				u²nị²yo⁴ɂi
	ᎩᎵᏏ.	gilisi		agilisi; anigilisi		gị²li²si
	ᏴᏫ.	yvwi				yv²wi
	ᎠᎩᎵᏏ.	agilisi		gilisi		ạ²gị²li²si
	ᎠᏂᎩᎵᏏ.	anigilisi		gilisi		ạ²ni²gị²li²si
	ᎠᏣᎳᎩ.	ajalagi				ạ²jạ²lạ²gi
	ᎠᏂᏣᎳᎩ.	anijalagi				ạ²ni²jạ²lạ²gi
	ᎠᏲᏁᎦ.	ayonega				ạ²yo³ne²ga
	ᎠᏂᏲᏁᎦ.	aniyonega				ạ²ni²yo³ne²ga
	ᎠᏴᏫᏯᎢ.	ayvwiyai				ạ²yv²wi²ya⁴ɂi
	ᎠᏂᏴᏫᏯᎢ.	aniyvwiyai				ạ²ni²yv²wi²ya⁴ɂi
						
130	Ꮟ.	si				
	ᏝᏏ.	hlasi				
	ᎥᏝᏏ.	vhlasi	hlasi			
	ᎪᎱᏍᏗ.	gohusdi				
	ᎪᏍᏗ.	gosdi	gohusdi			
	Ꮭ ᎪᎱᏍᏗ.	hla-gohusdi				
	ᎤᏬᎵᏗ ᎪᏪᎵ.	uwoldi-gohweli				
	ᏧᏬᎵᏗ ᏗᎪᏪᎵ.	juwoldi-digohweli				
						
140	ᏔᎹᏟ.	tamahli		ije-tamahli; anije-tamahli		tạ²ma²hli
	ᎦᎦᎹ.	gagama		ije-gagama; anije-gagama		ga²³gạ³ma
	ᎢᏤ ᏔᎹᏟ.	ije-tamahli		tamahli		
	ᎠᏂᏤ ᏔᎹᏟ.	anije-tamahli		tamahli		
	ᎢᏤ ᎦᎦᎹ.	ije-gagama		gagama		
	ᎠᏂᏤ ᎦᎦᎹ.	anije-gagama		gagama		
	ᎤᏍᎪᎸᎢ.	usgolvi				
						
141	ᎢᏤᎢᏳᏍᏗ.	ijeiyusdi				
	ᎤᏁᎦ.	unega				
	ᎤᏬᏗᎨᎢ.	uwodigei		gigagei		
	ᎩᎦᎨᎢ.	gigagei		uwodigei		
	ᎩᎨᎢ.	gigei	gigagei	uwodigei		
	ᎬᎿᎨᎢ.	gvhnagei				
	ᎬᏂᎨᎢ.	gvnigei	gvhnagei			
	ᏌᎪᏂᎨᎢ.	sagonigei		dahaligei		
	ᏓᎭᎵᎨᎢ.	dahaligei		sagonigei		
	ᏓᎶᏂᎨᎢ.	dalonigei				
	ᎩᎦᎨ ᎤᏍᎪᎸᎢ.	gigage-usgolvi		usgolvi		
	ᎬᎿᎨ ᎤᏍᎪᎸᎢ.	gvhnage-usgolvi		usgolvi		
	ᏌᎪᏂᎨ ᎤᏍᎪᎸᎢ.	sagonige-usgolvi		usgolvi		
	ᏓᎶᏂᎨ ᎤᏍᎪᎸᎢ.	dalonige-usgolvi		usgolvi		
	ᎠᎩᎦᎨᎢ.	agigagei				
	ᎠᎩᎨᎢ.	agigei	agigagei			
	ᎠᎬᎿᎨᎢ.	agvhnagei				
	ᎠᎬᏂᎨᎢ.	agvnigei	agvhnagei			
	ᎠᏌᎪᏂᎨᎢ.	asagonigei		adahaligei		
	ᎠᏓᎭᎵᎨᎢ.	adahaligei		asagonigei		
	ᎠᏓᎶᏂᎨᎢ.	adalonigei				
	ᎠᎩᎦᎨ ᎤᏍᎪᎸᎢ.	agigage-usgolvi		usgolvi		
	ᎠᎬᎿᎨ ᎤᏍᎪᎸᎢ.	agvhnage-usgolvi		usgolvi		
	ᎠᏌᎪᏂᎨ ᎤᏍᎪᎸᎢ.	asagonige-usgolvi		usgolvi		
	ᎠᏓᎶᏂᎨ ᎤᏍᎪᎸᎢ.	adalonige-usgolvi		usgolvi		
						
150	ᎠᏂᏓᎭᎵᎨᎢ.	anidahaligei		anisagonigei		
	ᎠᏂᏓᎶᏂᎨᎢ.	anidalonigei				
	ᎠᏂᏓᎶᏂᎨ ᎤᏂᏍᎪᎸᎢ.	anidalonige-unisgolvi		unisgolvi		
	ᎠᏂᎩᎦᎨᎢ.	anigigagei		junodigei		
	ᎠᏂᎩᎦᎨ ᎤᏂᏍᎪᎸᎢ.	anigigage-unisgolvi		unisgolvi		
	ᎠᏂᎬᎿᎨᎢ.	anigvhnagei				
	ᎠᏂᎬᎿᎨ ᎤᏂᏍᎪᎸᎢ.	anigvhnage-unisgolvi		unisgolvi		
	ᎠᏂᏤᎢ.	anijei				
	ᎠᏂᏤᎢᏳᏍᏗ.	anijeiyusdi				
	ᎠᏂᏌᎪᏂᎨᎢ.	anisagonigei		anidahaligei		
	ᎠᏂᏌᎪᏂᎨ ᎤᏂᏍᎪᎸᎢ.	anisagonige-unisgolvi		unisgolvi		
	ᏗᏓᎭᎵᎨᎢ.	didahaligei		disagonigei		
	ᏗᏓᎶᏂᎨᎢ.	didalonigei				
	ᏗᏓᎶᏂᎨ ᏧᏍᎪᎸᎢ.	didalonige-jusgolvi		jusgolvi		
	ᏗᎩᎦᎨᎢ.	digigagei		juwodigei		
	ᏗᎩᎦᎨ ᏧᏍᎪᎸᎢ.	digigage-jusgolvi		jusgolvi		
	ᏗᎬᎿᎨᎢ.	digvhnagei				
	ᏗᎬᎿᎨ ᏧᏍᎪᎸᎢ.	digvhnage-jusgolvi		jusgolvi		
	ᏗᏤᎢᏳᏍᏗ.	dijeiyusdi				
	ᏗᏌᎪᏂᎨᎢ.	disagonigei		didahaligei		
	ᏗᏌᎪᏂᎨ ᏧᏍᎪᎸᎢ.	disagonige-jusgolvi		jusgolvi		
	ᏧᏁᎦ.	junega				
	ᏧᏃᏗᎨᎢ.	junodigei		anigigagei		
	ᏧᏬᏗᎨᎢ.	juwodigei		digigagei		
	ᎤᏂᏁᎦ.	uninega				
						
160	ᎤᏬᏗᎨ ᏄᎾᏊ Ꭿ̣ᎪᏩᏘᎭ.	uwodige-nunagwu-higowhtiha				
	ᎩᎦᎨ ᎪᏪᎵ Ꮵ̣ᎪᏩᏘᎭ.	gigage-gohweli-jigowhtiha				
	ᎠᏴᏫᏍ ᎯᎪᏩᏘᎭ?	ayvwis-hiigowhtiha				
	ᎯᎪᏩᏘᎭᏍ ᎠᏴᏫ?	hiigowhtihas-ayvwi				
	ᎤᏁᎦ ᏌᎶᎵ ᎯᎪᏩᏘᎭ.	unega-saloli-hiigowhtiha				
	ᎠᏌᎪᏂᎨᎾ ᏩᎭᏯ ᎯᎪᏩᏘᎭ?	asagonigena-wahaya-hiigowhtiha				
	ᎯᎪᏩᏘᎭᎾ ᎠᏌᎪᏂᎨ ᏩᎭᏯ?	hiigowhtihana-asagonige-wahaya				
	ᏗᎩᎦᎨ ᏗᎪᏪᎵ ᏕᏥ̣ᎪᏩᏘᎭ.	digigage-digohweli-dejigowhtiha				
	ᎪᏍᏗ ᏓᎭᎵᎨ Ꮵ̣ᎪᏩᏘᎭ.	gosdi-dahalige-jigowhtiha				
	ᏥᎪᏩᏘᎭ ᎤᏲ ᎠᎨᏯ.	jiigowhtiha-uyo-agehya				
	ᎠᏣᎳᎩ ᎯᎪᏩᏘᎭ.	ajalagi-hiigowhtiha				
						
	ᎣᏍᏓ ᏥᏍᏚ ᎠᎪᏩᏘᎭ ᎠᏧᏣ.	osda-jisdu-agowhtiha-achuja				
	ᎠᏂᏴᏫᏯᎢ ᎤᏲ ᏩᎭᏯ ᎠᏂᎪᏩᏘᎭ.	aniyvwiyai-uyo-wahaya-anigowhtiha				
	Ꮵ̣ᎪᏩᏘᎭ ᎪᏍᏗ ᎤᏁᎦ.	jigowhtiha-gosdi-unega				
	ᎠᏂᎨᏳᏣ ᎠᏂᎩᎦᎨ ᏥᏍᏚ ᏓᏂᎪᏩᏘᎭ.	anigehyuja-anigigage-jisdu-danigowhtiha				
	ᎠᏂᏓᎶᏂᎨ ᏲᎾ ᎦᏥᎪᏩᏘᎭ.	anidalonige-yona-gajiigowhtiha		anidalonige-unisgolv-yona-gajiigowhtiha		
	ᏥᎪᏩᏘᎭᏍ ᎤᏲ ᎠᏧᏣ?	jiigowhtihas-uyo-achuja				
	ᏧᏁᎦ ᏗᎪᏪᎵ ᏕᎯ̣ᎪᏩᏘᎭ.	junega-digohweli-dehigowhtiha				
	ᎠᎨᏳᏣᏍ ᎯᎪᏩᏘᎭ?	agehyujas-hiigowhtiha				
	ᏥᎪᏩᏘᎭᎾ ᎠᏓᎶᏂᎨ ᏲᎾ?	jiigowhtihana-adalonige-yona				
	ᎠᏂᎩᎵᏏ ᏗᏌᎪᏂᎨ ᎫᎴ ᏓᏂᎪᏩᏘᎭ.	anigilisi-disagonige-gule-danigowhtiha				
						
	ᎤᏬᏗᎨ ᏥᏍᏚ ᏥᎪᏩᏘᎭ.	uwodige-jisdu-jiigowhtiha				
	ᎠᏂᏓᎶᏂᎨ ᎤᏂᏍᎪᎸ ᏲᎾ ᎦᏥᎪᏩᏘᎭ.	anidalonige-unisgolv-yona-gajiigowhtiha		anidalonige-yona-gajiigowhtiha		
	ᎯᎪᏩᏘᎭ ᎢᏤᎢᏳᏍᏗ ᏌᎶᎵ.	hiigowhtiha-ijeiyusdi-saloli				
	ᎠᏂᎨᏳᏣ ᏗᏓᎶᏂᎨ ᎤᏂᏍᎪᎸ ᎫᎴ ᏓᏂᎪᏩᏘᎭ.	anigehyuja-didalonige-unisgolv-gule-danigowhtiha				
	 ᏗᎩᎨ ᏄᎾ ᏕᎯ̣ᎪᏩᏘᎭ.	digige-nuna-dehigowhtiha				
	ᎤᏂᏲ ᎠᏂᏍᎦᏯ ᎦᏥᎪᏩᏘᎭ.	uniyo-anisgaya-gajiigowhtiha				
	ᎠᎩᎨ ᏐᏈᎵ ᏥᎪᏩᏘᎭ.	agige-sogwili-jiigowhtiha				
	ᏕᎯ̣ᎪᏩᏘᎭ ᏗᎩᎨ ᏄᎾ.	dehigowhtiha-digige-nuna				
	ᎠᏧᏣ ᏧᏃᏗᎨ ᏩᏯ ᏓᎪᏩᏘᎭ.	achuja-junodige-wahya-dagowhtiha				
						
170	ᎤᎭ.	uha				
	ᎤᏂᎭ.	uniha				
	ᎠᎩᎭ.	agiha				
	ᏣᎭ.	jaha				
	ᎤᏩᎧᎭ.	uwakaha				
	ᎤᏂᎧᎭ.	unikaha				
	ᏥᏯᎧᎭ.	jiyakaha				
	ᎯᏯᎧᎭ.	hiyakaha				
						
180	ᎦᎪ ᎠᎩᎪᏘᎭ?	gago-agigowhtiha				
	ᎦᎪ ᏣᎪᏘᎭ?	gago-jagowhtiha				
						
	ᎦᏙ ᎤᏍᏗ ᎤᎭ?	gado-usdi-uha				
	ᎦᏙ ᎤᏍᏗ ᎤᏂᎭ?	gado-usdi-uniha				
	ᎦᏙ ᎤᏍᎩ ᎠᎩᎭ?	gado-usdi-agiha				
	ᎦᏙ ᎤᏍᏗ ᏣᎭ?	gado-usdi-jaha				
	ᎦᏙ ᎤᏍᏗ ᎤᏩᎧᎭ?	gado-usdi-uwakaha				
	ᎦᏙ ᎤᏍᏗ ᎤᏂᎧᎭ?	gado-usdi-unikaha				
	ᎦᏙ ᎤᏍᏗ ᏥᏯᎧᎭ?	gado-usdi-jiyakaha				
	ᎦᏙ ᎤᏍᏗ ᎯᏯᎧᎭ?	gado-usdi-hiyakaha				
						
	ᎾᏍᎩ ᎠᎩᎪᏩᏘᎭ.	nasgi-agigowhtiha	asgaya-agigowhtiha			
 	Ꮭ ᎾᏍᎩ ᏯᎩᎪᏩᏘᎭ.	hla-nasgi-yagigowhtiha	hla-asgaya-yagigowhtiha			
	ᎠᏍᎦᏯ ᎠᎩᎪᏩᏘᎭ.	asgaya-agigowhtiha				
	Ꮭ ᎠᏍᎦᏯ ᏯᎩᎪᏩᏘᎭ.	hla-asgaya-yagigowhtiha	hla-asgaya-yagigowhtiha			
						
	ᎥᏍᎩᎾ ᏣᎪᏩᏘᎭ.	vsgina-jagowhtiha	agehya-jagowhtiha			
	Ꮭ ᎥᏍᎩᎾ ᏱᏣᎪᏩᏘᎭ.	hla-vsgina-yijagowhtiha	hla-agehya-yijagowhtiha			
	ᎠᎨᏯ ᏣᎪᏩᏘᎭ.	agehya-jagowhtiha				
	Ꮭ ᎠᎨᏯ ᏱᏣᎪᏩᏘᎭ.	hla-agehya-yijagowhtiha	hla-agehya-yijagowhtiha			
						
	ᎠᏍᎦᏯ ᎥᏍᎩ ᎤᎭ.	asgaya-vsgi-uha	asgaya-nuna-uha			
	Ꮭ ᎠᎨᏯ ᎥᏍᎩ ᏳᎭ.	hla-agehya-vsgi-yuha	hla-agehya-nuna-yuha			
	ᎠᏍᎦᏯ ᏄᎾ ᎤᎭ.	asgaya-nuna-uha				
	Ꮭ ᎠᎨᏯ ᏄᎾ ᏳᎭ.	hla-agehya-nuna-yuha				
						
	ᎾᏍᎩ ᏄᎾ ᎤᏂᎭ.	nasgi-nuna-uniha	anisgaya-nuna-uniha			
	Ꮭ ᎾᏍᎩ ᏅᏯ ᏳᏂᎭ.	hla-nasgi-nvya-yuniha	hla-anisgaya-nvya-yuniha			
	ᎠᏂᏍᎦᏯ ᏄᎾ ᎤᏂᎭ.	anisgaya-nuna-uniha				
	Ꮭ ᎠᏂᏍᎦᏯ ᏅᏯ ᏳᏂᎭ.	hla-anisgaya-nvya-yuniha				
						
	ᎯᎠ ᎠᎩᎭ.	hia-agiha	nvya-agiha			
	Ꮭ ᎾᏍᎩ ᏯᎩᎭ.	hla-nasgi-yagiha	hla-nvya-yagiha			
	ᏅᏯ ᎠᎩᎭ.	nvya-agiha				
	Ꮭ ᏅᏯ ᏯᎩᎭ.	hla-nvya-yagiha				
						
	ᎥᏍᎩᎾ ᏣᎭ.	vsgina-jaha	nuna-jaha			
	Ꮭ ᎥᏍᎩ ᏱᏣᎭ.	hla-vsgi-yijaha	hla-nuna-yijaha			
	ᏄᎾ ᏣᎭ.	nuna-jaha				
	Ꮭ ᏄᎾ ᏱᏣᎭ.	hla-nuna-yijaha				
						
	ᎠᏍᎦᏯ Ꮎ ᎤᏩᎧᎭ.	asgaya-na-uwakaha	asgaya-gihli-uwakaha			
	ᎠᏍᎦᏯ ᎩᏟ ᎤᏩᎧᎭ.	asgaya-gihli-uwakaha				
						
	ᎥᏍᎩᎾ ᎩᏟ ᎤᏂᎧᎭ.	vsgina-gihli-unikaha	anisgaya-gihli-unikaha			
	Ꮭ ᎥᏍᎩ ᏪᏌ ᏳᏂᎧᎭ.	hla-vsgi-wesa-yunikaha	hla-anisgaya-wesa-yunikaha			
	ᎠᏂᏍᎦᏯ ᎩᏟ ᎤᏂᎧᎭ.	anisgaya-gihli-unikaha				
	Ꮭ ᎠᏂᏍᎦᏯ ᏪᏌ ᏳᏂᎧᎭ.	hla-anisgaya-wesa-yunikaha				
						
	ᎯᎠ ᏥᏯᎧᎭ.	hia-jiyakaha	gihli-jiyakaha			
	Ꮭ Ꮎ ᏱᏥᏯᎧᎭ.	hla-na-yijiyakaha	hla-gihli-yijiyakaha			
	ᎩᏟ ᏥᏯᎧᎭ.	gihli-jiyakaha				
	Ꮭ ᎩᏟ ᏱᏥᏯᎧᎭ.	hla-gihli-yijiyakaha				
						
	ᎾᏍᎩ ᎯᏯᎧᎭ.	nasgi-hiyakaha	wesa-hiyakaha			
	Ꮭ ᎥᏍᎩᎾ ᏱᏯᎧᎭ.	hla-vsgina-hyiyakaha	hla-wesa-hyiyakaha			
	ᏪᏌ ᎯᏯᎧᎭ.	wesa-hiyakaha				
	Ꮭ ᏪᏌ ᏱᏯᎧᎭ.	hla-wesa-hyiyakaha				
						
190	ᏚᎭ.	duha	asgaya-nuna-duha			
	ᏚᏂᎭ.	duniha	anisgaya-nuna-duniha			
	ᏓᎩᎭ.	dagiha	nvya-dagiha			
	ᏕᏣᎭ.	dejaha	nuna-dejaha			
	ᏚᏩᎧᎭ.	duwakaha	asgaya-gihli-duwakaha			
	ᏚᏂᎧᎭ.	dunikaha	anisgaya-gihli-dunikaha			
	ᎦᏥᏯᎧᎭ.	gajiyakaha	gihli-gajiyakaha			
	ᎦᎯᏯᎧᎭ.	gahiyakaha	wesa-gahiyakaha			
						
	ᎦᎪ ᎬᎩᎪᏩᏘᎭ?	gago-gvgigowhtiha				
	ᎦᎪ ᎨᏣᎪᏩᏘᎭ?	gago-gejagowhtiha				
						
	ᎦᏙ ᏧᏍᏗ ᏚᎭ?	gado-jusdi-duha				
	ᎦᏙ ᏧᏍᏗ ᏚᏂᎭ?	gado-jusdi-duniha				
	ᎦᏙ ᏧᏍᏗ ᏓᎩᎭ?	gado-jusdi-dagiha				
	ᎦᏙ ᏧᏍᏗ ᏕᏣᎭ?	gado-jusdi-dejaha				
	ᎦᏙ ᎤᎾᏍᏗ ᏚᏩᎧᎭ?	gado-unsdi-duwakaha				
	ᎦᏙ ᎤᎾᏍᏗ ᏚᏂᎧᎭ?	gado-unsdi-dunikaha				
	ᎦᏙ ᎤᎾᏍᏗ ᎦᏥᏯᎧᎭ?	gado-unsdi-gajiyakaha				
	ᎦᏙ ᎤᎾᏍᏗ ᎦᎯᏯᎧᎭ?	gado-unsdi-gahiyakaha				
						
	Ꮭ ᏱᏚᎭ.	hla-yiduha	hla-agehya-nuna-yiduha			
	Ꮭ ᏱᏚᏂᎭ.	hla-yiduniha	hla-anisgaya-nvya-yiduniha			
	Ꮭ ᏱᏓᎩᎭ.	hla-yidagiha	hla-nvya-yidagiha			
	Ꮭ ᏱᏕᏣᎭ.	hla-yidejaha	hla-nuna-yidejaha			
	Ꮭ ᏱᏚᏩᎧᎭ.	hla-yiduwakaha	hla-asgaya-gihli-yiduwakaha			
	Ꮭ ᏱᏚᏂᎧᎭ.	hla-yidunikaha	hla-anisgaya-wesa-yidunikaha			
	Ꮭ ᏱᎦᏥᏯᎧᎭ.	hla-yigajiyakaha	hla-gihli-yigajiyakaha			
	Ꮭ ᏱᎦᎯᏯᎧᎭ.	hla-yigahiyakaha	hla-wesa-yigahiyakaha			
						
	ᎬᎩᎪᏩᏘᎭ.	gvgigowhtiha	nasgi-gvgigowhtiha			
	Ꮭ ᏱᎬᎩᎪᏩᏘᎭ.	hla-yigvgigowhtiha	hla-nasgi-yigvgigowhtiha			
	ᎨᏣᎪᏩᏘᎭ.	gejagowhtiha	vsgina-gejagowhtiha			
	Ꮭ ᏱᎨᏣᎪᏩᏘᎭ.	hla-yigejagowhtiha	hla-vsgina-yigejagowhtiha			
						
	ᎾᏍᎩ ᎬᎩᎪᏩᏘᎭ.	nasgi-gvgigowhtiha	nasgi-gvgigowhtiha			
	Ꮭ ᎾᏍᎩ ᏱᎬᎩᎪᏩᏘᎭ.	hla-nasgi-yigvgigowhtiha	hla-nasgi-yigvgigowhtiha			
	ᎥᏍᎩᎾ ᎨᏣᎪᏩᏘᎭ.	vsgina-gejagowhtiha	vsgina-gejagowhtiha			
	Ꮭ ᎥᏍᎩᎾ ᏱᎨᏣᎪᏩᏘᎭ.	hla-vsgina-yigejagowhtiha	hla-vsgina-yigejagowhtiha			
						
	ᎠᏍᎦᏯ ᎥᏍᎩ ᏚᎭ.	asgaya-vsgi-duha	asgaya-nuna-duha			
	Ꮭ ᎠᎨᏯ ᎥᏍᎩ ᏱᏚᎭ.	hla-agehya-vsgi-yiduha	hla-agehya-nuna-yiduha			
	ᎠᏍᎦᏯ ᏄᎾ ᏚᎭ.	asgaya-nuna-duha				
	Ꮭ ᎠᎨᏯ ᏄᎾ ᏱᏚᎭ.	hla-agehya-nuna-yiduha				
						
	ᎾᏍᎩ ᏄᎾ ᏚᏂᎭ.	nasgi-nuna-duniha	anisgaya-nuna-duniha			
	Ꮭ ᎾᏍᎩ ᏅᏯ ᏱᏚᏂᎭ.	hla-nasgi-nvya-yiduniha	hla-anisgaya-nvya-yiduniha			
	ᎠᏂᏍᎦᏯ ᏄᎾ ᏚᏂᎭ.	anisgaya-nuna-duniha				
	Ꮭ ᎠᏂᏍᎦᏯ ᏅᏯ ᏱᏚᏂᎭ.	hla-anisgaya-nvya-yiduniha				
						
	ᎯᎠ ᏓᎩᎭ.	hia-dagiha	nvya-dagiha			
	Ꮭ ᎾᏍᎩ ᏱᏓᎩᎭ.	hla-nasgi-yidagiha	hla-nvya-yidagiha			
	ᏅᏯ ᏓᎩᎭ.	nvya-dagiha				
	Ꮭ ᏅᏯ ᏱᏓᎩᎭ.	hla-nvya-yidagiha				
						
	ᎥᏍᎩᎾ ᏕᏣᎭ.	vsgina-dejaha	nuna-dejaha			
	Ꮭ ᎥᏍᎩ ᏱᏕᏣᎭ.	hla-vsgi-yidejaha	hla-nuna-yidejaha			
	ᏄᎾ ᏕᏣᎭ.	nuna-dejaha				
	Ꮭ ᏄᎾ ᏱᏕᏣᎭ.	hla-nuna-yidejaha				
						
	ᎠᏍᎦᏯ Ꮎ ᏚᏩᎧᎭ.	asgaya-na-duwakaha	asgaya-gihli-duwakaha			
	Ꮭ ᎠᏍᎦᏯ Ꮎ ᏱᏚᏩᎧᎭ.	hla-asgaya-na-yiduwakaha	hla-asgaya-gihli-yiduwakaha			
	ᎠᏍᎦᏯ ᎩᏟ ᏚᏩᎧᎭ.	asgaya-gihli-duwakaha				
	Ꮭ ᎠᏍᎦᏯ ᎩᏟ ᏱᏚᏩᎧᎭ.	hla-asgaya-gihli-yiduwakaha				
						
	ᎥᏍᎩᎾ ᎩᏟ ᏚᏂᎧᎭ.	vsgina-gihli-dunikaha	anisgaya-gihli-dunikaha			
	Ꮭ ᎥᏍᎩ ᏪᏌ ᏱᏚᏂᎧᎭ.	hla-vsgi-wesa-yidunikaha	hla-anisgaya-wesa-yidunikaha			
	ᎠᏂᏍᎦᏯ ᎩᏟ ᏚᏂᎧᎭ.	anisgaya-gihli-dunikaha				
	Ꮭ ᎠᏂᏍᎦᏯ ᏪᏌ ᏱᏚᏂᎧᎭ.	hla-anisgaya-wesa-yidunikaha				
						
	ᎯᎠ ᎦᏥᏯᎧᎭ.	hia-gajiyakaha	gihli-gajiyakaha			
	Ꮭ Ꮎ ᏱᎦᏥᏯᎧᎭ.	hla-na-yigajiyakaha	hla-gihli-yigajiyakaha			
	ᎩᏟ ᎦᏥᏯᎧᎭ.	gihli-gajiyakaha				
	Ꮭ ᎩᏟ ᏱᎦᏥᏯᎧᎭ.	hla-gihli-yigajiyakaha				
						
	ᎾᏍᎩ ᎦᎯᏯᎧᎭ.	nasgi-gahiyakaha	wesa-gahiyakaha			
	Ꮭ ᎥᏍᎩᎾ ᏱᎦᎯᏯᎧᎭ.	hla-vsgina-yigahiyakaha	hla-wesa-yigahiyakaha			
	ᏪᏌ ᎦᎯᏯᎧᎭ.	wesa-gahiyakaha				
	Ꮭ ᏪᏌ ᏱᎦᎯᏯᎧᎭ.	hla-wesa-yigahiyakaha				
						
200	ᎢᎩ.	igi				
	ᎢᎦ.	iga				
	ᎨᏐᎢ.	gesoi				
	ᎨᏒᎢ.					not doing
	ᎨᏒᎩ.	gesvgi				
	ᎨᏎᎢ.	gesei	gesvgi			
	ᎨᎲᎢ.					not doing
	ᎨᎲᎩ.	gehvgi				
	ᎨᎮᎢ.	gehei	gehvgi			
	ᎨᏎᏍᏗ.	gesesdi				
						
	Ꮭ ᏱᎩ.	hla-yigi				
	Ꮭ ᏱᎨᏐᎢ.	hla-yigesoi				
	Ꮭ ᏱᎨᏒᎩ.	hla-yigesvgi				
	Ꮭ ᏱᎨᏎᎢ.	hla-yigesei	hla-yigesvgi			
	Ꮭ ᏱᎨᎲᎩ.	hla-yigehvgi				
	Ꮭ ᏱᎨᎮᎢ.	hla-yigehei	hla-yigehvgi			
	Ꮭ ᏱᎨᏎᏍᏗ.	hla-yigesesdi				
						
201	ᎠᎬᎿᎨ ᏪᏌ.	agvhnage-wesa	agvhnage-wesa			
	ᎠᎬᎿᎨ ᏪᏌ ᎢᎩ.	agvhnage-wesa-igi	agvhnage-wesa			
	ᎠᎬᎿᎨ ᏪᏌ ᎨᏐᎢ.	agvhnage-wesa-gesoi	agvhnage-wesa-gesoi			
	ᎠᎬᎿᎨ ᏪᏌ ᎨᏒᎩ.	agvhnage-wesa-gesvgi	agvhnage-wesa-gesvgi			
	ᎠᎬᎿᎨ ᏪᏌ ᎨᏎᎢ.	agvhnage-wesa-gesei	agvhnage-wesa-gesei			
	ᎠᎬᎿᎨ ᏪᏌ ᎨᎲᎩ.	agvhnage-wesa-gehvgi	agvhnage-wesa-gehvgi			
	ᎠᎬᎿᎨ ᏪᏌ ᎨᎮᎢ.	agvhnage-wesa-gehei	agvhnage-wesa-gehei			
	ᎠᎬᎿᎨ ᏪᏌ ᎨᏎᏍᏗ.	agvhnage-wesa-gesesdi	agvhnage-wesa-gesesdi			
	ᏪᏌ Ꮭ ᎠᎬᎿᎨ ᏱᎩ.	wesa-hla-agvhnage-yigi	wesa-hla-agvhnage-yigi			
	ᏪᏌ Ꮭ ᎠᎬᎿᎨ ᏱᎨᏎᎢ.	wesa-hla-agvhnage-yigesei	wesa-hla-agvhnage-yigesei			
	ᏪᏌ Ꮭ ᎠᎬᎿᎨ ᏱᎨᎮᎢ.	wesa-hla-agvhnage-yigehei	wesa-hla-agvhnage-yigehei			
	ᏪᏌ Ꮭ ᎠᎬᎿᎨ ᏱᎨᏎᏍᏗ.	wesa-hla-agvhnage-yigesesdi	wesa-hla-agvhnage-yigesesdi			
	Ꮭ ᏪᏌ ᏱᎩ.	hla-wesa-yigi	hla-wesa-yigi			
	Ꮭ ᏪᏌ ᏱᎨᏐᎢ.	hla-wesa-yigesoi	hla-wesa-yigesoi			
	Ꮭ ᏪᏌ ᏱᎨᏒᎩ.	hla-wesa-yigesvgi	hla-wesa-yigesvgi			
	Ꮭ ᏪᏌ ᏱᎨᏎᎢ.	hla-wesa-yigesei	hla-wesa-yigesei			
	Ꮭ ᏪᏌ ᏱᎨᎲᎩ.	hla-wesa-yigehvgi	hla-wesa-yigehvgi			
	Ꮭ ᏪᏌ ᏱᎨᎮᎢ.	hla-wesa-yigehei	hla-wesa-yigehei			
	Ꮭ ᏪᏌ ᏱᎨᏎᏍᏗ.	hla-wesa-yigesesdi	hla-wesa-yigesesdi			
						
210	ᏥᏯᏚᎵᎭ.	jiiyaduliha				
	ᎠᏆᏚᎵᎭ.	agwaduliha	ayv-nasgi-agwaduliha; nasgi-ayv-agwaduliha			
	ᎠᏴ ᎾᏍᎩ ᎠᏆᏚᎵᎭ.	ayv-nasgi-agwaduliha				
	ᎾᏍᎩ ᎠᏴ ᎠᏆᏚᎵᎭ.	nasgi-ayv-agwaduliha				
	ᎦᏥᏯᏚᎵᎭ.	gajiiyaduliha				
	ᏓᏆᏚᎵᎭ.	dagwaduliha				
	ᎬᏆᏚᎵᎭ.	gvgwaduliha				
	ᎤᏚᎵᎭ.	uduliha				
	ᏚᏚᎵᎭ.	duduliha				
	ᎯᏯᏚᎵᎭ.	hiiyaduliha				
	ᏣᏚᎵᎭ.	jadulia	nihi-nasgi-jaduliha; nasgi-nihi-jaduliha			
	ᏂᎯ ᎾᏍᎩ ᏣᏚᎵᎭ.	nihi-nasgi-jaduliha				
	ᎾᏍᎩ ᏂᎯ ᏣᏚᎵᎭ.	nasgi-nihi-jaduliha				
	ᎦᎯᏯᏚᎵᎭ.	gahiiyaduliha				
	ᏕᏣᏚᎵᎭ.	dejaduliha				
	ᎨᏣᏚᎵᎭ.	gejaduliha				
	ᎤᎾᏚᎵᎭ.	unaduliha				
	ᏚᎾᏚᎵᎭ.	dunaduliha				
	ᏥᏯᏚᎵᎭ ᎠᏎᏃ ᎯᏯᎧᎭ.	jiiyaduliha-asehno-hiiyawaka				
	ᏚᏚᎵᎭ ᎠᏎᏃ ᏓᎩᎭ.	duduliha-asehno-dagiha				
	ᎦᏍᎩᎶ.	gasgilo				
	ᏗᎦᏍᎩᎶ.	digasgilo				
						
						
220	Ꭷ.					
	ᏄᎳ.					
	ᏂᎦᏓ.					
	ᏂᎦᏛ.					
	ᎦᏙ ᎤᎵᏑᏫᏓ?					
	ᎦᏙ ᎤᎾᎵᏑᏫᏓ?					
	ᎦᏙ ᏧᎵᏑᏫᏓ?					
	ᎦᏍᎩᎸᎢ.	gasgilvi				
